title,url,description
Facebook,http://facebook.com,Welcome to Facebook! Where everyone stalks everyone else.
Google,http://google.com,Welcome to Google! We are the internet of things.
Launch Academy,http://launchacademy.com,Where we keep it 200.
Twitter,http://twitter.com,Twitter is where the world tweets.
LinkedIn,http://linkedin.com,LinkedIn is basically your resume online.
Coke,http://coke.com,Always coca cola. never pepsi.
Pepsi,http://pepsi.com,Pepsi is okay i guess.
Facebook2,http://facebook.com,Moar facebook muahahahah
facebook3,http://facebook.com,mooooarrrr facebooook!
Facebook4,http://facebook.com,Moar facebook muahahahah
Facebook5,http://facebook.com,Moar facebook muahahahah
Facebook6,http://facebook.com,Moar facebook muahahahah
Facebook7,http://facebook.com,Moar facebook muahahahah
Facebook6888,http://facebook.com,lkeaofihaeo;ifae;o fahawe 
Facebook999,http://facebook.com,eaufa ufa;uefha ;suefhaieu fh aes
freaking facebook,http://facebook.com/1,ha;fhase;f a;eosifhao ;efa se
one more time to test,http://facebook.com/2,still working now?? oh come on please yes
